{
    "average_metrics": {
        "pairs": {
            "precision": 0.8206018518518517,
            "recall": 1.0,
            "f1": 0.8928271161243297
        },
        "triplets": {
            "precision": 0.8206018518518517,
            "recall": 1.0,
            "f1": 0.8928271161243297
        }
    },
    "individual_results": [
        {
            "pairs_metrics": {
                "precision": 0.625,
                "recall": 1.0,
                "f1": 0.7692307692307693,
                "y_true": 