{
    "pairs": {
        "min_1": {
            "precision": 0.7397364035752159,
            "recall": 1.0,
            "f1": 0.8504005572971091,
            "sample_count": 123728
        },
        "min_2": {
            "precision": 0.5933321121084447,
            "recall": 1.0,
            "f1": 0.7447689123936537,
            "sample_count": 56116
        },
        "min_3": {
            "precision": 0.5082765335929893,
            "recall": 1.0,
            "f1": 0.6739832149774048,
            "sample_count": 20026
        },
        "min_4": {
            "precision": 0.44695481335952847,
            "recall": 1.0,
            "f1": 0.6177868295994569,
            "sample_count": 4526
        }
    },
    "triplets": {
        "min_1": {
            "precision": 0.7460656990068755,
            "recall": 1.0,
            "f1": 0.8545677283864194,
            "sample_count": 79351
        },
        "min_2": {
            "precision": 0.6082340195016251,
            "recall": 1.0,
            "f1": 0.7563998922123417,
            "sample_count": 28041
        },
        "min_3": {
            "precision": 0.5566684238270954,
            "recall": 1.0,
            "f1": 0.7152048763968846,
            "sample_count": 8235
        },
        "min_4": {
            "precision": 0.6009174311926605,
            "recall": 1.0,
            "f1": 0.7507163323782235,
            "sample_count": 1776
        }
    }
}