{
    "pairs": {
        "min_1": {
            "precision": 0.7206899009336469,
            "recall": 1.0,
            "f1": 0.8376755167129188,
            "sample_count": 249600
        },
        "min_2": {
            "precision": 0.5802881236823612,
            "recall": 1.0,
            "f1": 0.734408004446915,
            "sample_count": 111474
        },
        "min_3": {
            "precision": 0.505719349121959,
            "recall": 1.0,
            "f1": 0.671731221913118,
            "sample_count": 38687
        },
        "min_4": {
            "precision": 0.47238372093023256,
            "recall": 1.0,
            "f1": 0.6416584402764067,
            "sample_count": 8696
        }
    },
    "triplets": {
        "min_1": {
            "precision": 0.7296536796536797,
            "recall": 1.0,
            "f1": 0.8436991615567514,
            "sample_count": 159660
        },
        "min_2": {
            "precision": 0.5991774754824423,
            "recall": 1.0,
            "f1": 0.7493570722057369,
            "sample_count": 55818
        },
        "min_3": {
            "precision": 0.5775429326287979,
            "recall": 1.0,
            "f1": 0.7322056606933512,
            "sample_count": 16368
        },
        "min_4": {
            "precision": 0.6179039301310044,
            "recall": 1.0,
            "f1": 0.7638326585695007,
            "sample_count": 3248
        }
    }
}