{
    "pairs": {
        "min_1": {
            "precision": 0.8163219675796535,
            "recall": 1.0,
            "f1": 0.8988736382101311,
            "sample_count": 159381
        },
        "min_2": {
            "precision": 0.712806606680636,
            "recall": 1.0,
            "f1": 0.8323258491652274,
            "sample_count": 91889
        },
        "min_3": {
            "precision": 0.6147570060305073,
            "recall": 1.0,
            "f1": 0.7614235500878734,
            "sample_count": 37843
        },
        "min_4": {
            "precision": 0.5515463917525774,
            "recall": 1.0,
            "f1": 0.7109634551495017,
            "sample_count": 10050
        }
    },
    "triplets": {
        "min_1": {
            "precision": 0.8200832115146744,
            "recall": 1.0,
            "f1": 0.9011491412331645,
            "sample_count": 110162
        },
        "min_2": {
            "precision": 0.704889943324107,
            "recall": 1.0,
            "f1": 0.8269037495168149,
            "sample_count": 51656
        },
        "min_3": {
            "precision": 0.6259990597085097,
            "recall": 1.0,
            "f1": 0.7699869885788637,
            "sample_count": 18475
        },
        "min_4": {
            "precision": 0.6050228310502284,
            "recall": 1.0,
            "f1": 0.7539118065433855,
            "sample_count": 5560
        }
    }
}