{
    "pairs": {
        "min_1": {
            "precision": 0.7575958457628992,
            "recall": 1.0,
            "f1": 0.8620819713351773,
            "sample_count": 296796
        },
        "min_2": {
            "precision": 0.6414419020835996,
            "recall": 1.0,
            "f1": 0.7815590686083639,
            "sample_count": 153720
        },
        "min_3": {
            "precision": 0.5653247450348899,
            "recall": 1.0,
            "f1": 0.7223098552911323,
            "sample_count": 59334
        },
        "min_4": {
            "precision": 0.5264721772015127,
            "recall": 1.0,
            "f1": 0.6897894178021589,
            "sample_count": 16185
        }
    },
    "triplets": {
        "min_1": {
            "precision": 0.7630964297630964,
            "recall": 1.0,
            "f1": 0.8656320968962907,
            "sample_count": 205288
        },
        "min_2": {
            "precision": 0.6426555665302667,
            "recall": 1.0,
            "f1": 0.7824593050723704,
            "sample_count": 85477
        },
        "min_3": {
            "precision": 0.5949554896142433,
            "recall": 1.0,
            "f1": 0.746046511627907,
            "sample_count": 29235
        },
        "min_4": {
            "precision": 0.590964590964591,
            "recall": 1.0,
            "f1": 0.7429009976976209,
            "sample_count": 8965
        }
    }
}